areaCode,areaName,areaType,date,hospitalCases,newDailyNsoDeathsByDeathDate
K02000001,United Kingdom,overview,2023-08-25,,29
K02000001,United Kingdom,overview,2023-08-24,,29
K02000001,United Kingdom,overview,2023-08-23,,26
K02000001,United Kingdom,overview,2023-08-22,,31
K02000001,United Kingdom,overview,2023-08-21,,30
K02000001,United Kingdom,overview,2023-08-20,,31
K02000001,United Kingdom,overview,2023-08-19,,46
K02000001,United Kingdom,overview,2023-08-18,,26
K02000001,United Kingdom,overview,2023-08-17,,35
K02000001,United Kingdom,overview,2023-08-16,,33
K02000001,United Kingdom,overview,2023-08-15,,24
K02000001,United Kingdom,overview,2023-08-14,,25
K02000001,United Kingdom,overview,2023-08-13,,20
K02000001,United Kingdom,overview,2023-08-12,,36
K02000001,United Kingdom,overview,2023-08-11,,24
K02000001,United Kingdom,overview,2023-08-10,,32
K02000001,United Kingdom,overview,2023-08-09,,13
K02000001,United Kingdom,overview,2023-08-08,,13
K02000001,United Kingdom,overview,2023-08-07,,13
K02000001,United Kingdom,overview,2023-08-06,,20
K02000001,United Kingdom,overview,2023-08-05,,22
K02000001,United Kingdom,overview,2023-08-04,,13
K02000001,United Kingdom,overview,2023-08-03,,12
K02000001,United Kingdom,overview,2023-08-02,,20
K02000001,United Kingdom,overview,2023-08-01,,18
K02000001,United Kingdom,overview,2023-07-31,,17
K02000001,United Kingdom,overview,2023-07-30,,10
K02000001,United Kingdom,overview,2023-07-29,,12
K02000001,United Kingdom,overview,2023-07-28,,16
K02000001,United Kingdom,overview,2023-07-27,,13
K02000001,United Kingdom,overview,2023-07-26,,14
K02000001,United Kingdom,overview,2023-07-25,,11
K02000001,United Kingdom,overview,2023-07-24,,9
K02000001,United Kingdom,overview,2023-07-23,,10
K02000001,United Kingdom,overview,2023-07-22,,8
K02000001,United Kingdom,overview,2023-07-21,,12
K02000001,United Kingdom,overview,2023-07-20,,3
K02000001,United Kingdom,overview,2023-07-19,,12
K02000001,United Kingdom,overview,2023-07-18,,11
K02000001,United Kingdom,overview,2023-07-17,,8
K02000001,United Kingdom,overview,2023-07-16,,8
K02000001,United Kingdom,overview,2023-07-15,,10
K02000001,United Kingdom,overview,2023-07-14,,4
K02000001,United Kingdom,overview,2023-07-13,,15
K02000001,United Kingdom,overview,2023-07-12,1329,8
K02000001,United Kingdom,overview,2023-07-11,1150,8
K02000001,United Kingdom,overview,2023-07-10,1152,11
K02000001,United Kingdom,overview,2023-07-09,1159,8
K02000001,United Kingdom,overview,2023-07-08,1159,9
K02000001,United Kingdom,overview,2023-07-07,1146,7
K02000001,United Kingdom,overview,2023-07-06,1148,12
K02000001,United Kingdom,overview,2023-07-05,1320,12
K02000001,United Kingdom,overview,2023-07-04,1209,9
K02000001,United Kingdom,overview,2023-07-03,1207,7
K02000001,United Kingdom,overview,2023-07-02,1231,14
K02000001,United Kingdom,overview,2023-07-01,1240,13
K02000001,United Kingdom,overview,2023-06-30,1270,19
K02000001,United Kingdom,overview,2023-06-29,1332,14
K02000001,United Kingdom,overview,2023-06-28,1576,7
K02000001,United Kingdom,overview,2023-06-27,1437,18
K02000001,United Kingdom,overview,2023-06-26,1490,10
K02000001,United Kingdom,overview,2023-06-25,1493,21
K02000001,United Kingdom,overview,2023-06-24,1545,13
K02000001,United Kingdom,overview,2023-06-23,1598,15
K02000001,United Kingdom,overview,2023-06-22,1741,9
K02000001,United Kingdom,overview,2023-06-21,1993,17
K02000001,United Kingdom,overview,2023-06-20,1900,19
K02000001,United Kingdom,overview,2023-06-19,2002,21
K02000001,United Kingdom,overview,2023-06-18,2027,18
K02000001,United Kingdom,overview,2023-06-17,2095,14
K02000001,United Kingdom,overview,2023-06-16,2177,24
K02000001,United Kingdom,overview,2023-06-15,2241,23
K02000001,United Kingdom,overview,2023-06-14,2551,30
K02000001,United Kingdom,overview,2023-06-13,2350,27
K02000001,United Kingdom,overview,2023-06-12,2402,31
K02000001,United Kingdom,overview,2023-06-11,2370,30
K02000001,United Kingdom,overview,2023-06-10,2379,22
K02000001,United Kingdom,overview,2023-06-09,2443,19
K02000001,United Kingdom,overview,2023-06-08,2500,24
K02000001,United Kingdom,overview,2023-06-07,2732,24
K02000001,United Kingdom,overview,2023-06-06,2553,23
K02000001,United Kingdom,overview,2023-06-05,2612,21
K02000001,United Kingdom,overview,2023-06-04,2619,26
K02000001,United Kingdom,overview,2023-06-03,2603,32
K02000001,United Kingdom,overview,2023-06-02,2757,24
K02000001,United Kingdom,overview,2023-06-01,2778,31
K02000001,United Kingdom,overview,2023-05-31,3212,22
K02000001,United Kingdom,overview,2023-05-30,2956,34
K02000001,United Kingdom,overview,2023-05-29,3023,24
K02000001,United Kingdom,overview,2023-05-28,2960,24
K02000001,United Kingdom,overview,2023-05-27,3013,37
K02000001,United Kingdom,overview,2023-05-26,3185,44
K02000001,United Kingdom,overview,2023-05-25,3222,25
K02000001,United Kingdom,overview,2023-05-24,3592,34
K02000001,United Kingdom,overview,2023-05-23,3335,31
K02000001,United Kingdom,overview,2023-05-22,3332,39
K02000001,United Kingdom,overview,2023-05-21,3415,34
K02000001,United Kingdom,overview,2023-05-20,3463,30
K02000001,United Kingdom,overview,2023-05-19,3598,45
K02000001,United Kingdom,overview,2023-05-18,3719,37
K02000001,United Kingdom,overview,2023-05-17,4096,49
K02000001,United Kingdom,overview,2023-05-16,3907,50
K02000001,United Kingdom,overview,2023-05-15,4009,32
K02000001,United Kingdom,overview,2023-05-14,4102,30
K02000001,United Kingdom,overview,2023-05-13,4155,32
K02000001,United Kingdom,overview,2023-05-12,4255,49
K02000001,United Kingdom,overview,2023-05-11,4306,55
K02000001,United Kingdom,overview,2023-05-10,4843,41
K02000001,United Kingdom,overview,2023-05-09,4587,36
K02000001,United Kingdom,overview,2023-05-08,4905,38
K02000001,United Kingdom,overview,2023-05-07,4854,54
K02000001,United Kingdom,overview,2023-05-06,4894,47
K02000001,United Kingdom,overview,2023-05-05,5026,45
K02000001,United Kingdom,overview,2023-05-04,5135,54
K02000001,United Kingdom,overview,2023-05-03,5717,49
K02000001,United Kingdom,overview,2023-05-02,5404,59
K02000001,United Kingdom,overview,2023-05-01,5341,51
K02000001,United Kingdom,overview,2023-04-30,5304,41
K02000001,United Kingdom,overview,2023-04-29,5164,53
K02000001,United Kingdom,overview,2023-04-28,5445,53
K02000001,United Kingdom,overview,2023-04-27,5574,52
K02000001,United Kingdom,overview,2023-04-26,6172,61
K02000001,United Kingdom,overview,2023-04-25,5843,61
K02000001,United Kingdom,overview,2023-04-24,5994,49
K02000001,United Kingdom,overview,2023-04-23,5962,73
K02000001,United Kingdom,overview,2023-04-22,5982,55
K02000001,United Kingdom,overview,2023-04-21,6220,83
K02000001,United Kingdom,overview,2023-04-20,6488,72
K02000001,United Kingdom,overview,2023-04-19,7200,81
K02000001,United Kingdom,overview,2023-04-18,6774,67
K02000001,United Kingdom,overview,2023-04-17,6950,65
K02000001,United Kingdom,overview,2023-04-16,6952,79
K02000001,United Kingdom,overview,2023-04-15,6989,70
K02000001,United Kingdom,overview,2023-04-14,7230,80
K02000001,United Kingdom,overview,2023-04-13,7549,91
K02000001,United Kingdom,overview,2023-04-12,8227,76
K02000001,United Kingdom,overview,2023-04-11,7899,75
K02000001,United Kingdom,overview,2023-04-10,8351,74
K02000001,United Kingdom,overview,2023-04-09,7676,70
K02000001,United Kingdom,overview,2023-04-08,7756,84
K02000001,United Kingdom,overview,2023-04-07,7908,94
K02000001,United Kingdom,overview,2023-04-06,8136,103
K02000001,United Kingdom,overview,2023-04-05,8887,66
K02000001,United Kingdom,overview,2023-04-04,8834,99
K02000001,United Kingdom,overview,2023-04-03,8961,87
K02000001,United Kingdom,overview,2023-04-02,8928,78
K02000001,United Kingdom,overview,2023-04-01,8885,75
K02000001,United Kingdom,overview,2023-03-31,9164,75
K02000001,United Kingdom,overview,2023-03-30,9184,108
K02000001,United Kingdom,overview,2023-03-29,10064,95
K02000001,United Kingdom,overview,2023-03-28,9539,113
K02000001,United Kingdom,overview,2023-03-27,9765,98
K02000001,United Kingdom,overview,2023-03-26,9707,86
K02000001,United Kingdom,overview,2023-03-25,9649,115
K02000001,United Kingdom,overview,2023-03-24,9726,113
K02000001,United Kingdom,overview,2023-03-23,9839,108
K02000001,United Kingdom,overview,2023-03-22,10485,102
K02000001,United Kingdom,overview,2023-03-21,9979,128
K02000001,United Kingdom,overview,2023-03-20,9950,97
K02000001,United Kingdom,overview,2023-03-19,9714,91
K02000001,United Kingdom,overview,2023-03-18,9573,98
K02000001,United Kingdom,overview,2023-03-17,9553,111
K02000001,United Kingdom,overview,2023-03-16,9564,103
K02000001,United Kingdom,overview,2023-03-15,10383,106
K02000001,United Kingdom,overview,2023-03-14,9458,94
K02000001,United Kingdom,overview,2023-03-13,9301,96
K02000001,United Kingdom,overview,2023-03-12,8980,101
K02000001,United Kingdom,overview,2023-03-11,8860,100
K02000001,United Kingdom,overview,2023-03-10,8904,93
K02000001,United Kingdom,overview,2023-03-09,8595,94
K02000001,United Kingdom,overview,2023-03-08,9243,94
K02000001,United Kingdom,overview,2023-03-07,8579,91
K02000001,United Kingdom,overview,2023-03-06,8503,90
K02000001,United Kingdom,overview,2023-03-05,8377,97
K02000001,United Kingdom,overview,2023-03-04,8241,100
K02000001,United Kingdom,overview,2023-03-03,8398,79
K02000001,United Kingdom,overview,2023-03-02,8411,102
K02000001,United Kingdom,overview,2023-03-01,8850,83
K02000001,United Kingdom,overview,2023-02-28,8425,74
K02000001,United Kingdom,overview,2023-02-27,8421,79
K02000001,United Kingdom,overview,2023-02-26,8347,85
K02000001,United Kingdom,overview,2023-02-25,8277,77
K02000001,United Kingdom,overview,2023-02-24,8380,81
K02000001,United Kingdom,overview,2023-02-23,8902,75
K02000001,United Kingdom,overview,2023-02-22,9275,84
K02000001,United Kingdom,overview,2023-02-21,8702,61
K02000001,United Kingdom,overview,2023-02-20,8721,79
K02000001,United Kingdom,overview,2023-02-19,8472,60
K02000001,United Kingdom,overview,2023-02-18,8302,78
K02000001,United Kingdom,overview,2023-02-17,8206,84
K02000001,United Kingdom,overview,2023-02-16,8104,75
K02000001,United Kingdom,overview,2023-02-15,8430,71
K02000001,United Kingdom,overview,2023-02-14,7859,77
K02000001,United Kingdom,overview,2023-02-13,7758,54
K02000001,United Kingdom,overview,2023-02-12,7522,70
K02000001,United Kingdom,overview,2023-02-11,7273,60
K02000001,United Kingdom,overview,2023-02-10,7628,76
K02000001,United Kingdom,overview,2023-02-09,7607,64
K02000001,United Kingdom,overview,2023-02-08,7601,72
K02000001,United Kingdom,overview,2023-02-07,7617,68
K02000001,United Kingdom,overview,2023-02-06,7671,56
K02000001,United Kingdom,overview,2023-02-05,7519,73
K02000001,United Kingdom,overview,2023-02-04,7409,66
K02000001,United Kingdom,overview,2023-02-03,7440,70
K02000001,United Kingdom,overview,2023-02-02,7355,76
K02000001,United Kingdom,overview,2023-02-01,7230,70
K02000001,United Kingdom,overview,2023-01-31,7177,63
K02000001,United Kingdom,overview,2023-01-30,7152,61
K02000001,United Kingdom,overview,2023-01-29,7019,77
K02000001,United Kingdom,overview,2023-01-28,6937,73
K02000001,United Kingdom,overview,2023-01-27,6904,79
K02000001,United Kingdom,overview,2023-01-26,6902,72
K02000001,United Kingdom,overview,2023-01-25,6909,67
K02000001,United Kingdom,overview,2023-01-24,6948,83
K02000001,United Kingdom,overview,2023-01-23,7142,77
K02000001,United Kingdom,overview,2023-01-22,7039,77
K02000001,United Kingdom,overview,2023-01-21,7067,74
K02000001,United Kingdom,overview,2023-01-20,7320,81
K02000001,United Kingdom,overview,2023-01-19,7517,84
K02000001,United Kingdom,overview,2023-01-18,7870,93
K02000001,United Kingdom,overview,2023-01-17,8294,93
K02000001,United Kingdom,overview,2023-01-16,8419,111
K02000001,United Kingdom,overview,2023-01-15,8510,114
K02000001,United Kingdom,overview,2023-01-14,8687,103
K02000001,United Kingdom,overview,2023-01-13,9040,106
K02000001,United Kingdom,overview,2023-01-12,9384,119
K02000001,United Kingdom,overview,2023-01-11,9740,97
K02000001,United Kingdom,overview,2023-01-10,10123,115
K02000001,United Kingdom,overview,2023-01-09,10513,133
K02000001,United Kingdom,overview,2023-01-08,10560,124
K02000001,United Kingdom,overview,2023-01-07,10710,121
K02000001,United Kingdom,overview,2023-01-06,10865,116
K02000001,United Kingdom,overview,2023-01-05,11357,146
K02000001,United Kingdom,overview,2023-01-04,11672,140
K02000001,United Kingdom,overview,2023-01-03,11675,139
K02000001,United Kingdom,overview,2023-01-02,11791,129
K02000001,United Kingdom,overview,2023-01-01,11753,129
K02000001,United Kingdom,overview,2022-12-31,11637,152
K02000001,United Kingdom,overview,2022-12-30,11775,157
K02000001,United Kingdom,overview,2022-12-29,11714,133
K02000001,United Kingdom,overview,2022-12-28,11580,134
K02000001,United Kingdom,overview,2022-12-27,11342,142
K02000001,United Kingdom,overview,2022-12-26,11191,129
K02000001,United Kingdom,overview,2022-12-25,10950,132
K02000001,United Kingdom,overview,2022-12-24,11022,146
K02000001,United Kingdom,overview,2022-12-23,11001,119
K02000001,United Kingdom,overview,2022-12-22,10868,114
K02000001,United Kingdom,overview,2022-12-21,10513,110
K02000001,United Kingdom,overview,2022-12-20,10163,112
K02000001,United Kingdom,overview,2022-12-19,9772,114
K02000001,United Kingdom,overview,2022-12-18,9333,100
K02000001,United Kingdom,overview,2022-12-17,8987,91
K02000001,United Kingdom,overview,2022-12-16,8728,88
K02000001,United Kingdom,overview,2022-12-15,8462,59
K02000001,United Kingdom,overview,2022-12-14,8167,97
K02000001,United Kingdom,overview,2022-12-13,7773,67
K02000001,United Kingdom,overview,2022-12-12,7514,70
K02000001,United Kingdom,overview,2022-12-11,7362,71
K02000001,United Kingdom,overview,2022-12-10,7194,70
K02000001,United Kingdom,overview,2022-12-09,7029,71
K02000001,United Kingdom,overview,2022-12-08,6842,71
K02000001,United Kingdom,overview,2022-12-07,6682,64
K02000001,United Kingdom,overview,2022-12-06,6516,75
K02000001,United Kingdom,overview,2022-12-05,6402,64
K02000001,United Kingdom,overview,2022-12-04,6241,48
K02000001,United Kingdom,overview,2022-12-03,6105,57
K02000001,United Kingdom,overview,2022-12-02,6116,51
K02000001,United Kingdom,overview,2022-12-01,6077,55
K02000001,United Kingdom,overview,2022-11-30,6035,46
K02000001,United Kingdom,overview,2022-11-29,5873,54
K02000001,United Kingdom,overview,2022-11-28,5811,61
K02000001,United Kingdom,overview,2022-11-27,5663,56
K02000001,United Kingdom,overview,2022-11-26,5593,48
K02000001,United Kingdom,overview,2022-11-25,5669,43
K02000001,United Kingdom,overview,2022-11-24,5749,52
K02000001,United Kingdom,overview,2022-11-23,5670,60
K02000001,United Kingdom,overview,2022-11-22,5736,59
K02000001,United Kingdom,overview,2022-11-21,5761,53
K02000001,United Kingdom,overview,2022-11-20,5777,61
K02000001,United Kingdom,overview,2022-11-19,5763,58
K02000001,United Kingdom,overview,2022-11-18,5847,58
K02000001,United Kingdom,overview,2022-11-17,5949,54
K02000001,United Kingdom,overview,2022-11-16,6142,54
K02000001,United Kingdom,overview,2022-11-15,6311,67
K02000001,United Kingdom,overview,2022-11-14,6457,62
K02000001,United Kingdom,overview,2022-11-13,6446,56
K02000001,United Kingdom,overview,2022-11-12,6451,46
K02000001,United Kingdom,overview,2022-11-11,6565,73
K02000001,United Kingdom,overview,2022-11-10,6751,56
K02000001,United Kingdom,overview,2022-11-09,6879,64
K02000001,United Kingdom,overview,2022-11-08,7107,65
K02000001,United Kingdom,overview,2022-11-07,7283,76
K02000001,United Kingdom,overview,2022-11-06,7493,58
K02000001,United Kingdom,overview,2022-11-05,7660,79
K02000001,United Kingdom,overview,2022-11-04,7953,98
K02000001,United Kingdom,overview,2022-11-03,8282,84
K02000001,United Kingdom,overview,2022-11-02,8641,80
K02000001,United Kingdom,overview,2022-11-01,9026,85
K02000001,United Kingdom,overview,2022-10-31,9539,83
K02000001,United Kingdom,overview,2022-10-30,9754,98
K02000001,United Kingdom,overview,2022-10-29,9853,98
K02000001,United Kingdom,overview,2022-10-28,10254,88
K02000001,United Kingdom,overview,2022-10-27,10466,107
K02000001,United Kingdom,overview,2022-10-26,10781,92
K02000001,United Kingdom,overview,2022-10-25,11010,115
K02000001,United Kingdom,overview,2022-10-24,11371,107
K02000001,United Kingdom,overview,2022-10-23,11434,103
K02000001,United Kingdom,overview,2022-10-22,11455,112
K02000001,United Kingdom,overview,2022-10-21,11621,112
K02000001,United Kingdom,overview,2022-10-20,11802,123
K02000001,United Kingdom,overview,2022-10-19,12067,102
K02000001,United Kingdom,overview,2022-10-18,12300,109
K02000001,United Kingdom,overview,2022-10-17,12420,117
K02000001,United Kingdom,overview,2022-10-16,12317,108
K02000001,United Kingdom,overview,2022-10-15,12214,109
K02000001,United Kingdom,overview,2022-10-14,12100,115
K02000001,United Kingdom,overview,2022-10-13,12258,112
K02000001,United Kingdom,overview,2022-10-12,12345,127
K02000001,United Kingdom,overview,2022-10-11,12210,108
K02000001,United Kingdom,overview,2022-10-10,12113,94
K02000001,United Kingdom,overview,2022-10-09,11854,101
K02000001,United Kingdom,overview,2022-10-08,11668,92
K02000001,United Kingdom,overview,2022-10-07,11668,101
K02000001,United Kingdom,overview,2022-10-06,11494,96
K02000001,United Kingdom,overview,2022-10-05,11172,99
K02000001,United Kingdom,overview,2022-10-04,10798,92
K02000001,United Kingdom,overview,2022-10-03,10290,83
K02000001,United Kingdom,overview,2022-10-02,9770,64
K02000001,United Kingdom,overview,2022-10-01,9424,81
K02000001,United Kingdom,overview,2022-09-30,8990,64
K02000001,United Kingdom,overview,2022-09-29,8578,67
K02000001,United Kingdom,overview,2022-09-28,8308,62
K02000001,United Kingdom,overview,2022-09-27,8053,69
K02000001,United Kingdom,overview,2022-09-26,7697,66
K02000001,United Kingdom,overview,2022-09-25,7241,41
K02000001,United Kingdom,overview,2022-09-24,6970,49
K02000001,United Kingdom,overview,2022-09-23,6753,54
K02000001,United Kingdom,overview,2022-09-22,6495,50
K02000001,United Kingdom,overview,2022-09-21,6214,37
K02000001,United Kingdom,overview,2022-09-20,5921,50
K02000001,United Kingdom,overview,2022-09-19,5763,49
K02000001,United Kingdom,overview,2022-09-18,5597,40
K02000001,United Kingdom,overview,2022-09-17,5500,40
K02000001,United Kingdom,overview,2022-09-16,5604,39
K02000001,United Kingdom,overview,2022-09-15,5638,49
K02000001,United Kingdom,overview,2022-09-14,5607,45
K02000001,United Kingdom,overview,2022-09-13,5687,50
K02000001,United Kingdom,overview,2022-09-12,5736,43
K02000001,United Kingdom,overview,2022-09-11,5795,31
K02000001,United Kingdom,overview,2022-09-10,5762,48
K02000001,United Kingdom,overview,2022-09-09,5926,38
K02000001,United Kingdom,overview,2022-09-08,6034,47
K02000001,United Kingdom,overview,2022-09-07,6089,61
K02000001,United Kingdom,overview,2022-09-06,6269,40
K02000001,United Kingdom,overview,2022-09-05,6376,39
K02000001,United Kingdom,overview,2022-09-04,6372,46
K02000001,United Kingdom,overview,2022-09-03,6335,54
K02000001,United Kingdom,overview,2022-09-02,6510,48
K02000001,United Kingdom,overview,2022-09-01,6750,44
K02000001,United Kingdom,overview,2022-08-31,6841,75
K02000001,United Kingdom,overview,2022-08-30,6942,44
K02000001,United Kingdom,overview,2022-08-29,6944,54
K02000001,United Kingdom,overview,2022-08-28,6884,61
K02000001,United Kingdom,overview,2022-08-27,6960,58
K02000001,United Kingdom,overview,2022-08-26,7017,43
K02000001,United Kingdom,overview,2022-08-25,7512,50
K02000001,United Kingdom,overview,2022-08-24,7584,53
K02000001,United Kingdom,overview,2022-08-23,7769,78
K02000001,United Kingdom,overview,2022-08-22,8236,65
K02000001,United Kingdom,overview,2022-08-21,8132,61
K02000001,United Kingdom,overview,2022-08-20,8209,76
K02000001,United Kingdom,overview,2022-08-19,8533,69
K02000001,United Kingdom,overview,2022-08-18,8933,63
K02000001,United Kingdom,overview,2022-08-17,9069,56
K02000001,United Kingdom,overview,2022-08-16,9457,71
K02000001,United Kingdom,overview,2022-08-15,9749,88
K02000001,United Kingdom,overview,2022-08-14,9772,90
K02000001,United Kingdom,overview,2022-08-13,9625,92
K02000001,United Kingdom,overview,2022-08-12,9691,108
K02000001,United Kingdom,overview,2022-08-11,9963,99
K02000001,United Kingdom,overview,2022-08-10,10143,77
K02000001,United Kingdom,overview,2022-08-09,10296,90
K02000001,United Kingdom,overview,2022-08-08,10632,100
K02000001,United Kingdom,overview,2022-08-07,10541,100
K02000001,United Kingdom,overview,2022-08-06,10597,66
K02000001,United Kingdom,overview,2022-08-05,11002,87
K02000001,United Kingdom,overview,2022-08-04,11442,85
K02000001,United Kingdom,overview,2022-08-03,11827,107
K02000001,United Kingdom,overview,2022-08-02,12235,102
K02000001,United Kingdom,overview,2022-08-01,12535,93
K02000001,United Kingdom,overview,2022-07-31,12574,98
K02000001,United Kingdom,overview,2022-07-30,12705,79
K02000001,United Kingdom,overview,2022-07-29,13401,118
K02000001,United Kingdom,overview,2022-07-28,13752,126
K02000001,United Kingdom,overview,2022-07-27,14303,115
K02000001,United Kingdom,overview,2022-07-26,14600,121
K02000001,United Kingdom,overview,2022-07-25,15025,114
K02000001,United Kingdom,overview,2022-07-24,15086,133
K02000001,United Kingdom,overview,2022-07-23,15013,128
K02000001,United Kingdom,overview,2022-07-22,15844,117
K02000001,United Kingdom,overview,2022-07-21,16097,127
K02000001,United Kingdom,overview,2022-07-20,16299,191
K02000001,United Kingdom,overview,2022-07-19,16600,225
K02000001,United Kingdom,overview,2022-07-18,16792,127
K02000001,United Kingdom,overview,2022-07-17,16648,158
K02000001,United Kingdom,overview,2022-07-16,16548,121
K02000001,United Kingdom,overview,2022-07-15,16878,105
K02000001,United Kingdom,overview,2022-07-14,16752,127
K02000001,United Kingdom,overview,2022-07-13,16652,136
K02000001,United Kingdom,overview,2022-07-12,16522,154
K02000001,United Kingdom,overview,2022-07-11,16116,128
K02000001,United Kingdom,overview,2022-07-10,15638,117
K02000001,United Kingdom,overview,2022-07-09,15138,108
K02000001,United Kingdom,overview,2022-07-08,14959,108
K02000001,United Kingdom,overview,2022-07-07,14529,102
K02000001,United Kingdom,overview,2022-07-06,14134,116
K02000001,United Kingdom,overview,2022-07-05,13638,102
K02000001,United Kingdom,overview,2022-07-04,13163,91
K02000001,United Kingdom,overview,2022-07-03,12377,69
K02000001,United Kingdom,overview,2022-07-02,11972,90
K02000001,United Kingdom,overview,2022-07-01,11664,79
K02000001,United Kingdom,overview,2022-06-30,11127,76
K02000001,United Kingdom,overview,2022-06-29,10726,84
K02000001,United Kingdom,overview,2022-06-28,10164,72
K02000001,United Kingdom,overview,2022-06-27,9827,64
K02000001,United Kingdom,overview,2022-06-26,9361,69
K02000001,United Kingdom,overview,2022-06-25,8786,72
K02000001,United Kingdom,overview,2022-06-24,8486,47
K02000001,United Kingdom,overview,2022-06-23,8059,62
K02000001,United Kingdom,overview,2022-06-22,7789,73
K02000001,United Kingdom,overview,2022-06-21,7498,58
K02000001,United Kingdom,overview,2022-06-20,7195,48
K02000001,United Kingdom,overview,2022-06-19,6830,47
K02000001,United Kingdom,overview,2022-06-18,6533,44
K02000001,United Kingdom,overview,2022-06-17,6345,45
K02000001,United Kingdom,overview,2022-06-16,6266,57
K02000001,United Kingdom,overview,2022-06-15,6081,45
K02000001,United Kingdom,overview,2022-06-14,5902,36
K02000001,United Kingdom,overview,2022-06-13,5784,41
K02000001,United Kingdom,overview,2022-06-12,5514,43
K02000001,United Kingdom,overview,2022-06-11,5344,33
K02000001,United Kingdom,overview,2022-06-10,5338,44
K02000001,United Kingdom,overview,2022-06-09,5141,27
K02000001,United Kingdom,overview,2022-06-08,5134,42
K02000001,United Kingdom,overview,2022-06-07,5145,33
K02000001,United Kingdom,overview,2022-06-06,5123,43
K02000001,United Kingdom,overview,2022-06-05,4929,30
K02000001,United Kingdom,overview,2022-06-04,4781,39
K02000001,United Kingdom,overview,2022-06-03,4821,28
K02000001,United Kingdom,overview,2022-06-02,4811,47
K02000001,United Kingdom,overview,2022-06-01,4793,26
K02000001,United Kingdom,overview,2022-05-31,5037,50
K02000001,United Kingdom,overview,2022-05-30,5077,51
K02000001,United Kingdom,overview,2022-05-29,4995,30
K02000001,United Kingdom,overview,2022-05-28,5047,34
K02000001,United Kingdom,overview,2022-05-27,5240,45
K02000001,United Kingdom,overview,2022-05-26,5492,45
K02000001,United Kingdom,overview,2022-05-25,5628,34
K02000001,United Kingdom,overview,2022-05-24,5772,51
K02000001,United Kingdom,overview,2022-05-23,6149,63
K02000001,United Kingdom,overview,2022-05-22,6159,59
K02000001,United Kingdom,overview,2022-05-21,6210,49
K02000001,United Kingdom,overview,2022-05-20,6429,72
K02000001,United Kingdom,overview,2022-05-19,6639,46
K02000001,United Kingdom,overview,2022-05-18,6784,46
K02000001,United Kingdom,overview,2022-05-17,7156,72
K02000001,United Kingdom,overview,2022-05-16,7491,66
K02000001,United Kingdom,overview,2022-05-15,7672,73
K02000001,United Kingdom,overview,2022-05-14,7687,66
K02000001,United Kingdom,overview,2022-05-13,8026,72
K02000001,United Kingdom,overview,2022-05-12,8327,70
K02000001,United Kingdom,overview,2022-05-11,8777,80
K02000001,United Kingdom,overview,2022-05-10,9164,101
K02000001,United Kingdom,overview,2022-05-09,9477,83
K02000001,United Kingdom,overview,2022-05-08,9551,85
K02000001,United Kingdom,overview,2022-05-07,9609,103
K02000001,United Kingdom,overview,2022-05-06,10113,98
K02000001,United Kingdom,overview,2022-05-05,10629,87
K02000001,United Kingdom,overview,2022-05-04,11121,90
K02000001,United Kingdom,overview,2022-05-03,11454,107
K02000001,United Kingdom,overview,2022-05-02,11563,109
K02000001,United Kingdom,overview,2022-05-01,11569,114
K02000001,United Kingdom,overview,2022-04-30,11785,107
K02000001,United Kingdom,overview,2022-04-29,12318,108
K02000001,United Kingdom,overview,2022-04-28,12888,130
K02000001,United Kingdom,overview,2022-04-27,13514,135
K02000001,United Kingdom,overview,2022-04-26,13948,126
K02000001,United Kingdom,overview,2022-04-25,14629,129
K02000001,United Kingdom,overview,2022-04-24,14808,131
K02000001,United Kingdom,overview,2022-04-23,14921,146
K02000001,United Kingdom,overview,2022-04-22,15739,155
K02000001,United Kingdom,overview,2022-04-21,16263,163
K02000001,United Kingdom,overview,2022-04-20,17190,162
K02000001,United Kingdom,overview,2022-04-19,17723,159
K02000001,United Kingdom,overview,2022-04-18,17273,174
K02000001,United Kingdom,overview,2022-04-17,17373,162
K02000001,United Kingdom,overview,2022-04-16,17541,165
K02000001,United Kingdom,overview,2022-04-15,17609,172
K02000001,United Kingdom,overview,2022-04-14,18289,192
K02000001,United Kingdom,overview,2022-04-13,18800,222
K02000001,United Kingdom,overview,2022-04-12,19547,200
K02000001,United Kingdom,overview,2022-04-11,19847,185
K02000001,United Kingdom,overview,2022-04-10,19406,197
K02000001,United Kingdom,overview,2022-04-09,19264,173
K02000001,United Kingdom,overview,2022-04-08,19838,238
K02000001,United Kingdom,overview,2022-04-07,20102,231
K02000001,United Kingdom,overview,2022-04-06,20177,196
K02000001,United Kingdom,overview,2022-04-05,20138,202
K02000001,United Kingdom,overview,2022-04-04,20131,179
K02000001,United Kingdom,overview,2022-04-03,19668,189
K02000001,United Kingdom,overview,2022-04-02,19317,192
K02000001,United Kingdom,overview,2022-04-01,19656,204
K02000001,United Kingdom,overview,2022-03-31,19304,192
K02000001,United Kingdom,overview,2022-03-30,19251,181
K02000001,United Kingdom,overview,2022-03-29,19113,196
K02000001,United Kingdom,overview,2022-03-28,18865,178
K02000001,United Kingdom,overview,2022-03-27,18091,160
K02000001,United Kingdom,overview,2022-03-26,17373,164
K02000001,United Kingdom,overview,2022-03-25,17438,182
K02000001,United Kingdom,overview,2022-03-24,17174,166
K02000001,United Kingdom,overview,2022-03-23,16701,158
K02000001,United Kingdom,overview,2022-03-22,16466,167
K02000001,United Kingdom,overview,2022-03-21,16041,163
K02000001,United Kingdom,overview,2022-03-20,15247,175
K02000001,United Kingdom,overview,2022-03-19,14797,166
K02000001,United Kingdom,overview,2022-03-18,14724,170
K02000001,United Kingdom,overview,2022-03-17,14467,137
K02000001,United Kingdom,overview,2022-03-16,14017,146
K02000001,United Kingdom,overview,2022-03-15,13832,122
K02000001,United Kingdom,overview,2022-03-14,13319,141
K02000001,United Kingdom,overview,2022-03-13,12565,112
K02000001,United Kingdom,overview,2022-03-12,12205,123
K02000001,United Kingdom,overview,2022-03-11,11903,121
K02000001,United Kingdom,overview,2022-03-10,11727,115
K02000001,United Kingdom,overview,2022-03-09,11523,107
K02000001,United Kingdom,overview,2022-03-08,11419,119
K02000001,United Kingdom,overview,2022-03-07,11093,124
K02000001,United Kingdom,overview,2022-03-06,10612,95
K02000001,United Kingdom,overview,2022-03-05,10462,101
K02000001,United Kingdom,overview,2022-03-04,10463,112
K02000001,United Kingdom,overview,2022-03-03,10260,107
K02000001,United Kingdom,overview,2022-03-02,10408,146
K02000001,United Kingdom,overview,2022-03-01,10485,106
K02000001,United Kingdom,overview,2022-02-28,10519,105
K02000001,United Kingdom,overview,2022-02-27,10272,119
K02000001,United Kingdom,overview,2022-02-26,10116,103
K02000001,United Kingdom,overview,2022-02-25,10383,121
K02000001,United Kingdom,overview,2022-02-24,10510,126
K02000001,United Kingdom,overview,2022-02-23,10796,119
K02000001,United Kingdom,overview,2022-02-22,10840,120
K02000001,United Kingdom,overview,2022-02-21,11108,110
K02000001,United Kingdom,overview,2022-02-20,10922,127
K02000001,United Kingdom,overview,2022-02-19,11010,121
K02000001,United Kingdom,overview,2022-02-18,10992,127
K02000001,United Kingdom,overview,2022-02-17,11355,125
K02000001,United Kingdom,overview,2022-02-16,11521,133
K02000001,United Kingdom,overview,2022-02-15,11854,133
K02000001,United Kingdom,overview,2022-02-14,12074,158
K02000001,United Kingdom,overview,2022-02-13,11843,127
K02000001,United Kingdom,overview,2022-02-12,11792,144
K02000001,United Kingdom,overview,2022-02-11,12140,142
K02000001,United Kingdom,overview,2022-02-10,12565,124
K02000001,United Kingdom,overview,2022-02-09,12967,144
K02000001,United Kingdom,overview,2022-02-08,13392,159
K02000001,United Kingdom,overview,2022-02-07,13639,140
K02000001,United Kingdom,overview,2022-02-06,13444,158
K02000001,United Kingdom,overview,2022-02-05,13559,173
K02000001,United Kingdom,overview,2022-02-04,14048,160
K02000001,United Kingdom,overview,2022-02-03,14487,191
K02000001,United Kingdom,overview,2022-02-02,14679,188
K02000001,United Kingdom,overview,2022-02-01,15085,207
K02000001,United Kingdom,overview,2022-01-31,15542,208
K02000001,United Kingdom,overview,2022-01-30,15190,191
K02000001,United Kingdom,overview,2022-01-29,14913,181
K02000001,United Kingdom,overview,2022-01-28,15786,202
K02000001,United Kingdom,overview,2022-01-27,16013,220
K02000001,United Kingdom,overview,2022-01-26,16361,196
K02000001,United Kingdom,overview,2022-01-25,16433,194
K02000001,United Kingdom,overview,2022-01-24,17029,229
K02000001,United Kingdom,overview,2022-01-23,16757,218
K02000001,United Kingdom,overview,2022-01-22,16781,224
K02000001,United Kingdom,overview,2022-01-21,17429,248
K02000001,United Kingdom,overview,2022-01-20,17863,202
K02000001,United Kingdom,overview,2022-01-19,18365,221
K02000001,United Kingdom,overview,2022-01-18,18871,234
K02000001,United Kingdom,overview,2022-01-17,19306,232
K02000001,United Kingdom,overview,2022-01-16,19078,257
K02000001,United Kingdom,overview,2022-01-15,18956,260
K02000001,United Kingdom,overview,2022-01-14,19212,236
K02000001,United Kingdom,overview,2022-01-13,19414,243
K02000001,United Kingdom,overview,2022-01-12,19578,239
K02000001,United Kingdom,overview,2022-01-11,19609,234
K02000001,United Kingdom,overview,2022-01-10,19708,244
K02000001,United Kingdom,overview,2022-01-09,18890,242
K02000001,United Kingdom,overview,2022-01-08,18460,216
K02000001,United Kingdom,overview,2022-01-07,18536,229
K02000001,United Kingdom,overview,2022-01-06,18357,222
K02000001,United Kingdom,overview,2022-01-05,17891,182
K02000001,United Kingdom,overview,2022-01-04,17179,204
K02000001,United Kingdom,overview,2022-01-03,16178,179
K02000001,United Kingdom,overview,2022-01-02,15002,170
K02000001,United Kingdom,overview,2022-01-01,14378,176
K02000001,United Kingdom,overview,2021-12-31,14059,155
K02000001,United Kingdom,overview,2021-12-30,13033,177
K02000001,United Kingdom,overview,2021-12-29,11847,132
K02000001,United Kingdom,overview,2021-12-28,10799,162
K02000001,United Kingdom,overview,2021-12-27,9651,133
K02000001,United Kingdom,overview,2021-12-26,8644,116
K02000001,United Kingdom,overview,2021-12-25,8236,112
K02000001,United Kingdom,overview,2021-12-24,8446,117
K02000001,United Kingdom,overview,2021-12-23,8204,136
K02000001,United Kingdom,overview,2021-12-22,8177,136
K02000001,United Kingdom,overview,2021-12-21,7951,112
K02000001,United Kingdom,overview,2021-12-20,7748,136
K02000001,United Kingdom,overview,2021-12-19,7508,117
K02000001,United Kingdom,overview,2021-12-18,7356,107
K02000001,United Kingdom,overview,2021-12-17,7420,131
K02000001,United Kingdom,overview,2021-12-16,7545,118
K02000001,United Kingdom,overview,2021-12-15,7526,120
K02000001,United Kingdom,overview,2021-12-14,7611,152
K02000001,United Kingdom,overview,2021-12-13,7607,113
K02000001,United Kingdom,overview,2021-12-12,7391,137
K02000001,United Kingdom,overview,2021-12-11,7272,109
K02000001,United Kingdom,overview,2021-12-10,7308,122
K02000001,United Kingdom,overview,2021-12-09,7347,132
K02000001,United Kingdom,overview,2021-12-08,7274,133
K02000001,United Kingdom,overview,2021-12-07,7254,132
K02000001,United Kingdom,overview,2021-12-06,7260,143
K02000001,United Kingdom,overview,2021-12-05,7156,117
K02000001,United Kingdom,overview,2021-12-04,7057,163
K02000001,United Kingdom,overview,2021-12-03,7205,147
K02000001,United Kingdom,overview,2021-12-02,7290,123
K02000001,United Kingdom,overview,2021-12-01,7223,138
K02000001,United Kingdom,overview,2021-11-30,7551,122
K02000001,United Kingdom,overview,2021-11-29,7543,144
K02000001,United Kingdom,overview,2021-11-28,7312,144
K02000001,United Kingdom,overview,2021-11-27,7283,124
K02000001,United Kingdom,overview,2021-11-26,7433,132
K02000001,United Kingdom,overview,2021-11-25,7530,141
K02000001,United Kingdom,overview,2021-11-24,7527,124
K02000001,United Kingdom,overview,2021-11-23,7776,150
K02000001,United Kingdom,overview,2021-11-22,7990,131
K02000001,United Kingdom,overview,2021-11-21,7896,121
K02000001,United Kingdom,overview,2021-11-20,7798,143
K02000001,United Kingdom,overview,2021-11-19,7917,142
K02000001,United Kingdom,overview,2021-11-18,7958,131
K02000001,United Kingdom,overview,2021-11-17,8050,127
K02000001,United Kingdom,overview,2021-11-16,8288,166
K02000001,United Kingdom,overview,2021-11-15,8562,171
K02000001,United Kingdom,overview,2021-11-14,8398,134
K02000001,United Kingdom,overview,2021-11-13,8310,152
K02000001,United Kingdom,overview,2021-11-12,8448,146
K02000001,United Kingdom,overview,2021-11-11,8545,158
K02000001,United Kingdom,overview,2021-11-10,8687,170
K02000001,United Kingdom,overview,2021-11-09,8759,157
K02000001,United Kingdom,overview,2021-11-08,8818,161
K02000001,United Kingdom,overview,2021-11-07,8666,161
K02000001,United Kingdom,overview,2021-11-06,8642,171
K02000001,United Kingdom,overview,2021-11-05,8887,166
K02000001,United Kingdom,overview,2021-11-04,9097,169
K02000001,United Kingdom,overview,2021-11-03,9247,184
K02000001,United Kingdom,overview,2021-11-02,9462,165
K02000001,United Kingdom,overview,2021-11-01,9474,192
K02000001,United Kingdom,overview,2021-10-31,9235,196
K02000001,United Kingdom,overview,2021-10-30,9079,165
K02000001,United Kingdom,overview,2021-10-29,9036,185
K02000001,United Kingdom,overview,2021-10-28,8945,199
K02000001,United Kingdom,overview,2021-10-27,8870,177
K02000001,United Kingdom,overview,2021-10-26,8761,179
K02000001,United Kingdom,overview,2021-10-25,8646,149
K02000001,United Kingdom,overview,2021-10-24,8332,167
K02000001,United Kingdom,overview,2021-10-23,8170,172
K02000001,United Kingdom,overview,2021-10-22,8172,151
K02000001,United Kingdom,overview,2021-10-21,8181,165
K02000001,United Kingdom,overview,2021-10-20,8084,154
K02000001,United Kingdom,overview,2021-10-19,7835,143
K02000001,United Kingdom,overview,2021-10-18,7684,139
K02000001,United Kingdom,overview,2021-10-17,7311,141
K02000001,United Kingdom,overview,2021-10-16,7048,152
K02000001,United Kingdom,overview,2021-10-15,7016,140
K02000001,United Kingdom,overview,2021-10-14,7013,161
K02000001,United Kingdom,overview,2021-10-13,6959,137
K02000001,United Kingdom,overview,2021-10-12,6956,136
K02000001,United Kingdom,overview,2021-10-11,6941,138
K02000001,United Kingdom,overview,2021-10-10,6792,115
K02000001,United Kingdom,overview,2021-10-09,6629,121
K02000001,United Kingdom,overview,2021-10-08,6691,122
K02000001,United Kingdom,overview,2021-10-07,6694,133
K02000001,United Kingdom,overview,2021-10-06,6745,114
K02000001,United Kingdom,overview,2021-10-05,6764,135
K02000001,United Kingdom,overview,2021-10-04,6682,113
K02000001,United Kingdom,overview,2021-10-03,6489,107
K02000001,United Kingdom,overview,2021-10-02,6335,118
K02000001,United Kingdom,overview,2021-10-01,6483,139
K02000001,United Kingdom,overview,2021-09-30,6641,129
K02000001,United Kingdom,overview,2021-09-29,6796,142
K02000001,United Kingdom,overview,2021-09-28,6903,121
K02000001,United Kingdom,overview,2021-09-27,6921,127
K02000001,United Kingdom,overview,2021-09-26,6685,111
K02000001,United Kingdom,overview,2021-09-25,6820,128
K02000001,United Kingdom,overview,2021-09-24,6776,141
K02000001,United Kingdom,overview,2021-09-23,7026,149
K02000001,United Kingdom,overview,2021-09-22,7266,159
K02000001,United Kingdom,overview,2021-09-21,7472,139
K02000001,United Kingdom,overview,2021-09-20,7654,159
K02000001,United Kingdom,overview,2021-09-19,7596,137
K02000001,United Kingdom,overview,2021-09-18,7545,137
K02000001,United Kingdom,overview,2021-09-17,7759,184
K02000001,United Kingdom,overview,2021-09-16,7968,162
K02000001,United Kingdom,overview,2021-09-15,8243,169
K02000001,United Kingdom,overview,2021-09-14,8242,170
K02000001,United Kingdom,overview,2021-09-13,8322,119
K02000001,United Kingdom,overview,2021-09-12,8108,141
K02000001,United Kingdom,overview,2021-09-11,8002,145
K02000001,United Kingdom,overview,2021-09-10,8175,150
K02000001,United Kingdom,overview,2021-09-09,8002,180
K02000001,United Kingdom,overview,2021-09-08,7984,143
K02000001,United Kingdom,overview,2021-09-07,7827,166
K02000001,United Kingdom,overview,2021-09-06,7887,157
K02000001,United Kingdom,overview,2021-09-05,7597,164
K02000001,United Kingdom,overview,2021-09-04,7400,146
K02000001,United Kingdom,overview,2021-09-03,7516,152
K02000001,United Kingdom,overview,2021-09-02,7463,137
K02000001,United Kingdom,overview,2021-09-01,7524,125
K02000001,United Kingdom,overview,2021-08-31,7531,128
K02000001,United Kingdom,overview,2021-08-30,7191,109
K02000001,United Kingdom,overview,2021-08-29,6961,139
K02000001,United Kingdom,overview,2021-08-28,6840,134
K02000001,United Kingdom,overview,2021-08-27,6947,139
K02000001,United Kingdom,overview,2021-08-26,6894,125
K02000001,United Kingdom,overview,2021-08-25,6859,108
K02000001,United Kingdom,overview,2021-08-24,6824,118
K02000001,United Kingdom,overview,2021-08-23,6893,120
K02000001,United Kingdom,overview,2021-08-22,6613,129
K02000001,United Kingdom,overview,2021-08-21,6399,118
K02000001,United Kingdom,overview,2021-08-20,6380,127
K02000001,United Kingdom,overview,2021-08-19,6364,115
K02000001,United Kingdom,overview,2021-08-18,6325,111
K02000001,United Kingdom,overview,2021-08-17,6262,102
K02000001,United Kingdom,overview,2021-08-16,6237,89
K02000001,United Kingdom,overview,2021-08-15,5907,91
K02000001,United Kingdom,overview,2021-08-14,5752,104
K02000001,United Kingdom,overview,2021-08-13,5859,98
K02000001,United Kingdom,overview,2021-08-12,5830,106
K02000001,United Kingdom,overview,2021-08-11,5868,89
K02000001,United Kingdom,overview,2021-08-10,5884,85
K02000001,United Kingdom,overview,2021-08-09,5884,84
K02000001,United Kingdom,overview,2021-08-08,5735,84
K02000001,United Kingdom,overview,2021-08-07,5590,106
K02000001,United Kingdom,overview,2021-08-06,5653,98
K02000001,United Kingdom,overview,2021-08-05,5681,101
K02000001,United Kingdom,overview,2021-08-04,5730,92
K02000001,United Kingdom,overview,2021-08-03,5943,80
K02000001,United Kingdom,overview,2021-08-02,6156,92
K02000001,United Kingdom,overview,2021-08-01,5937,97
K02000001,United Kingdom,overview,2021-07-31,5920,92
K02000001,United Kingdom,overview,2021-07-30,5981,105
K02000001,United Kingdom,overview,2021-07-29,5946,88
K02000001,United Kingdom,overview,2021-07-28,6068,84
K02000001,United Kingdom,overview,2021-07-27,6042,77
K02000001,United Kingdom,overview,2021-07-26,5942,79
K02000001,United Kingdom,overview,2021-07-25,5579,73
K02000001,United Kingdom,overview,2021-07-24,5305,69
K02000001,United Kingdom,overview,2021-07-23,5241,83
K02000001,United Kingdom,overview,2021-07-22,5032,86
K02000001,United Kingdom,overview,2021-07-21,4859,61
K02000001,United Kingdom,overview,2021-07-20,4666,68
K02000001,United Kingdom,overview,2021-07-19,4581,88
K02000001,United Kingdom,overview,2021-07-18,4273,73
K02000001,United Kingdom,overview,2021-07-17,4159,60
K02000001,United Kingdom,overview,2021-07-16,4081,55
K02000001,United Kingdom,overview,2021-07-15,3964,54
K02000001,United Kingdom,overview,2021-07-14,3787,47
K02000001,United Kingdom,overview,2021-07-13,3608,50
K02000001,United Kingdom,overview,2021-07-12,3398,43
K02000001,United Kingdom,overview,2021-07-11,3129,36
K02000001,United Kingdom,overview,2021-07-10,2985,45
K02000001,United Kingdom,overview,2021-07-09,2895,53
K02000001,United Kingdom,overview,2021-07-08,2722,42
K02000001,United Kingdom,overview,2021-07-07,2636,36
K02000001,United Kingdom,overview,2021-07-06,2447,35
K02000001,United Kingdom,overview,2021-07-05,2324,29
K02000001,United Kingdom,overview,2021-07-04,2138,30
K02000001,United Kingdom,overview,2021-07-03,2023,31
K02000001,United Kingdom,overview,2021-07-02,1982,32
K02000001,United Kingdom,overview,2021-07-01,1914,28
K02000001,United Kingdom,overview,2021-06-30,1805,26
K02000001,United Kingdom,overview,2021-06-29,1731,24
K02000001,United Kingdom,overview,2021-06-28,1729,18
K02000001,United Kingdom,overview,2021-06-27,1591,24
K02000001,United Kingdom,overview,2021-06-26,1535,17
K02000001,United Kingdom,overview,2021-06-25,1528,22
K02000001,United Kingdom,overview,2021-06-24,1508,29
K02000001,United Kingdom,overview,2021-06-23,1487,9
K02000001,United Kingdom,overview,2021-06-22,1536,18
K02000001,United Kingdom,overview,2021-06-21,1515,13
K02000001,United Kingdom,overview,2021-06-20,1381,22
K02000001,United Kingdom,overview,2021-06-19,1347,20
K02000001,United Kingdom,overview,2021-06-18,1361,18
K02000001,United Kingdom,overview,2021-06-17,1319,9
K02000001,United Kingdom,overview,2021-06-16,1255,16
K02000001,United Kingdom,overview,2021-06-15,1230,21
K02000001,United Kingdom,overview,2021-06-14,1180,13
K02000001,United Kingdom,overview,2021-06-13,1139,12
K02000001,United Kingdom,overview,2021-06-12,1103,12
K02000001,United Kingdom,overview,2021-06-11,1075,13
K02000001,United Kingdom,overview,2021-06-10,1092,16
K02000001,United Kingdom,overview,2021-06-09,1060,17
K02000001,United Kingdom,overview,2021-06-08,1052,15
K02000001,United Kingdom,overview,2021-06-07,1029,6
K02000001,United Kingdom,overview,2021-06-06,960,13
K02000001,United Kingdom,overview,2021-06-05,933,7
K02000001,United Kingdom,overview,2021-06-04,961,14
K02000001,United Kingdom,overview,2021-06-03,933,16
K02000001,United Kingdom,overview,2021-06-02,957,12
K02000001,United Kingdom,overview,2021-06-01,923,10
K02000001,United Kingdom,overview,2021-05-31,923,11
K02000001,United Kingdom,overview,2021-05-30,901,9
K02000001,United Kingdom,overview,2021-05-29,879,12
K02000001,United Kingdom,overview,2021-05-28,879,14
K02000001,United Kingdom,overview,2021-05-27,867,8
K02000001,United Kingdom,overview,2021-05-26,890,14
K02000001,United Kingdom,overview,2021-05-25,917,11
K02000001,United Kingdom,overview,2021-05-24,955,16
K02000001,United Kingdom,overview,2021-05-23,916,16
K02000001,United Kingdom,overview,2021-05-22,879,4
K02000001,United Kingdom,overview,2021-05-21,913,18
K02000001,United Kingdom,overview,2021-05-20,903,7
K02000001,United Kingdom,overview,2021-05-19,908,4
K02000001,United Kingdom,overview,2021-05-18,888,11
K02000001,United Kingdom,overview,2021-05-17,934,13
K02000001,United Kingdom,overview,2021-05-16,932,14
K02000001,United Kingdom,overview,2021-05-15,956,15
K02000001,United Kingdom,overview,2021-05-14,966,14
K02000001,United Kingdom,overview,2021-05-13,990,15
K02000001,United Kingdom,overview,2021-05-12,1052,15
K02000001,United Kingdom,overview,2021-05-11,1090,21
K02000001,United Kingdom,overview,2021-05-10,1112,8
K02000001,United Kingdom,overview,2021-05-09,1099,11
K02000001,United Kingdom,overview,2021-05-08,1120,20
K02000001,United Kingdom,overview,2021-05-07,1142,18
K02000001,United Kingdom,overview,2021-05-06,1143,17
K02000001,United Kingdom,overview,2021-05-05,1222,22
K02000001,United Kingdom,overview,2021-05-04,1275,15
K02000001,United Kingdom,overview,2021-05-03,1281,17
K02000001,United Kingdom,overview,2021-05-02,1263,19
K02000001,United Kingdom,overview,2021-05-01,1263,16
K02000001,United Kingdom,overview,2021-04-30,1344,16
K02000001,United Kingdom,overview,2021-04-29,1441,17
K02000001,United Kingdom,overview,2021-04-28,1486,21
K02000001,United Kingdom,overview,2021-04-27,1540,25
K02000001,United Kingdom,overview,2021-04-26,1620,21
K02000001,United Kingdom,overview,2021-04-25,1599,27
K02000001,United Kingdom,overview,2021-04-24,1651,24
K02000001,United Kingdom,overview,2021-04-23,1723,29
K02000001,United Kingdom,overview,2021-04-22,1763,33
K02000001,United Kingdom,overview,2021-04-21,1865,36
K02000001,United Kingdom,overview,2021-04-20,1898,35
K02000001,United Kingdom,overview,2021-04-19,1980,23
K02000001,United Kingdom,overview,2021-04-18,1951,31
K02000001,United Kingdom,overview,2021-04-17,2006,43
K02000001,United Kingdom,overview,2021-04-16,2112,32
K02000001,United Kingdom,overview,2021-04-15,2168,43
K02000001,United Kingdom,overview,2021-04-14,2268,35
K02000001,United Kingdom,overview,2021-04-13,2380,47
K02000001,United Kingdom,overview,2021-04-12,2464,38
K02000001,United Kingdom,overview,2021-04-11,2519,41
K02000001,United Kingdom,overview,2021-04-10,2618,43
K02000001,United Kingdom,overview,2021-04-09,2756,38
K02000001,United Kingdom,overview,2021-04-08,2826,62
K02000001,United Kingdom,overview,2021-04-07,2975,46
K02000001,United Kingdom,overview,2021-04-06,3103,45
K02000001,United Kingdom,overview,2021-04-05,3214,45
K02000001,United Kingdom,overview,2021-04-04,3185,53
K02000001,United Kingdom,overview,2021-04-03,3201,42
K02000001,United Kingdom,overview,2021-04-02,3325,50
K02000001,United Kingdom,overview,2021-04-01,3504,63
K02000001,United Kingdom,overview,2021-03-31,3689,74
K02000001,United Kingdom,overview,2021-03-30,3926,56
K02000001,United Kingdom,overview,2021-03-29,4140,71
K02000001,United Kingdom,overview,2021-03-28,4122,50
K02000001,United Kingdom,overview,2021-03-27,4375,65
K02000001,United Kingdom,overview,2021-03-26,4424,75
K02000001,United Kingdom,overview,2021-03-25,4521,79
K02000001,United Kingdom,overview,2021-03-24,4807,70
K02000001,United Kingdom,overview,2021-03-23,5080,95
K02000001,United Kingdom,overview,2021-03-22,5360,108
K02000001,United Kingdom,overview,2021-03-21,5368,127
K02000001,United Kingdom,overview,2021-03-20,5481,101
K02000001,United Kingdom,overview,2021-03-19,5794,104
K02000001,United Kingdom,overview,2021-03-18,6062,100
K02000001,United Kingdom,overview,2021-03-17,6498,127
K02000001,United Kingdom,overview,2021-03-16,6765,114
K02000001,United Kingdom,overview,2021-03-15,7125,139
K02000001,United Kingdom,overview,2021-03-14,7235,138
K02000001,United Kingdom,overview,2021-03-13,7302,135
K02000001,United Kingdom,overview,2021-03-12,7646,135
K02000001,United Kingdom,overview,2021-03-11,7982,173
K02000001,United Kingdom,overview,2021-03-10,8355,163
K02000001,United Kingdom,overview,2021-03-09,8912,185
K02000001,United Kingdom,overview,2021-03-08,9379,197
K02000001,United Kingdom,overview,2021-03-07,9367,197
K02000001,United Kingdom,overview,2021-03-06,9621,210
K02000001,United Kingdom,overview,2021-03-05,10221,222
K02000001,United Kingdom,overview,2021-03-04,10836,234
K02000001,United Kingdom,overview,2021-03-03,11420,218
K02000001,United Kingdom,overview,2021-03-02,12023,244
K02000001,United Kingdom,overview,2021-03-01,12765,297
K02000001,United Kingdom,overview,2021-02-28,12666,281
K02000001,United Kingdom,overview,2021-02-27,13141,308
K02000001,United Kingdom,overview,2021-02-26,13952,304
K02000001,United Kingdom,overview,2021-02-25,14715,355
K02000001,United Kingdom,overview,2021-02-24,15400,367
K02000001,United Kingdom,overview,2021-02-23,15951,381
K02000001,United Kingdom,overview,2021-02-22,16711,379
K02000001,United Kingdom,overview,2021-02-21,16706,411
K02000001,United Kingdom,overview,2021-02-20,16888,452
K02000001,United Kingdom,overview,2021-02-19,17705,469
K02000001,United Kingdom,overview,2021-02-18,18357,521
K02000001,United Kingdom,overview,2021-02-17,19277,506
K02000001,United Kingdom,overview,2021-02-16,20038,568
K02000001,United Kingdom,overview,2021-02-15,20805,615
K02000001,United Kingdom,overview,2021-02-14,20861,605
K02000001,United Kingdom,overview,2021-02-13,20779,586
K02000001,United Kingdom,overview,2021-02-12,22129,636
K02000001,United Kingdom,overview,2021-02-11,23201,676
K02000001,United Kingdom,overview,2021-02-10,24203,712
K02000001,United Kingdom,overview,2021-02-09,25464,723
K02000001,United Kingdom,overview,2021-02-08,26515,781
K02000001,United Kingdom,overview,2021-02-07,26553,753
K02000001,United Kingdom,overview,2021-02-06,26669,787
K02000001,United Kingdom,overview,2021-02-05,28129,874
K02000001,United Kingdom,overview,2021-02-04,29145,826
K02000001,United Kingdom,overview,2021-02-03,30314,976
K02000001,United Kingdom,overview,2021-02-02,31467,963
K02000001,United Kingdom,overview,2021-02-01,32641,1007
K02000001,United Kingdom,overview,2021-01-31,32246,995
K02000001,United Kingdom,overview,2021-01-30,32676,1026
K02000001,United Kingdom,overview,2021-01-29,33503,1160
K02000001,United Kingdom,overview,2021-01-28,34549,1224
K02000001,United Kingdom,overview,2021-01-27,35147,1232
K02000001,United Kingdom,overview,2021-01-26,36712,1173
K02000001,United Kingdom,overview,2021-01-25,37352,1263
K02000001,United Kingdom,overview,2021-01-24,37317,1239
K02000001,United Kingdom,overview,2021-01-23,36985,1288
K02000001,United Kingdom,overview,2021-01-22,37842,1335
K02000001,United Kingdom,overview,2021-01-21,37646,1350
K02000001,United Kingdom,overview,2021-01-20,38335,1383
K02000001,United Kingdom,overview,2021-01-19,38436,1490
K02000001,United Kingdom,overview,2021-01-18,38824,1401
K02000001,United Kingdom,overview,2021-01-17,37721,1361
K02000001,United Kingdom,overview,2021-01-16,37261,1419
K02000001,United Kingdom,overview,2021-01-15,37688,1324
K02000001,United Kingdom,overview,2021-01-14,37236,1341
K02000001,United Kingdom,overview,2021-01-13,37031,1309
K02000001,United Kingdom,overview,2021-01-12,36509,1320
K02000001,United Kingdom,overview,2021-01-11,36276,1244
K02000001,United Kingdom,overview,2021-01-10,34906,1173
K02000001,United Kingdom,overview,2021-01-09,33553,1094
K02000001,United Kingdom,overview,2021-01-08,33304,1052
K02000001,United Kingdom,overview,2021-01-07,32101,1056
K02000001,United Kingdom,overview,2021-01-06,31462,1014
K02000001,United Kingdom,overview,2021-01-05,30196,973
K02000001,United Kingdom,overview,2021-01-04,30278,896
K02000001,United Kingdom,overview,2021-01-03,28542,807
K02000001,United Kingdom,overview,2021-01-02,27078,833
K02000001,United Kingdom,overview,2021-01-01,25912,809
K02000001,United Kingdom,overview,2020-12-31,26119,824
K02000001,United Kingdom,overview,2020-12-30,26101,760
K02000001,United Kingdom,overview,2020-12-29,25114,713
K02000001,United Kingdom,overview,2020-12-28,23625,723
K02000001,United Kingdom,overview,2020-12-27,22340,718
K02000001,United Kingdom,overview,2020-12-26,21331,692
K02000001,United Kingdom,overview,2020-12-25,20535,655
K02000001,United Kingdom,overview,2020-12-24,21192,616
K02000001,United Kingdom,overview,2020-12-23,20842,629
K02000001,United Kingdom,overview,2020-12-22,21111,629
K02000001,United Kingdom,overview,2020-12-21,20745,602
K02000001,United Kingdom,overview,2020-12-20,19619,551
K02000001,United Kingdom,overview,2020-12-19,19084,548
K02000001,United Kingdom,overview,2020-12-18,18740,586
K02000001,United Kingdom,overview,2020-12-17,18589,567
K02000001,United Kingdom,overview,2020-12-16,18279,484
K02000001,United Kingdom,overview,2020-12-15,17829,507
K02000001,United Kingdom,overview,2020-12-14,17876,506
K02000001,United Kingdom,overview,2020-12-13,17174,480
K02000001,United Kingdom,overview,2020-12-12,16551,488
K02000001,United Kingdom,overview,2020-12-11,16534,491
K02000001,United Kingdom,overview,2020-12-10,16361,496
K02000001,United Kingdom,overview,2020-12-09,15972,448
K02000001,United Kingdom,overview,2020-12-08,16112,472
K02000001,United Kingdom,overview,2020-12-07,16058,466
K02000001,United Kingdom,overview,2020-12-06,15593,436
K02000001,United Kingdom,overview,2020-12-05,15325,407
K02000001,United Kingdom,overview,2020-12-04,15367,499
K02000001,United Kingdom,overview,2020-12-03,15301,504
K02000001,United Kingdom,overview,2020-12-02,15620,414
K02000001,United Kingdom,overview,2020-12-01,15959,425
K02000001,United Kingdom,overview,2020-11-30,16215,465
K02000001,United Kingdom,overview,2020-11-29,15972,501
K02000001,United Kingdom,overview,2020-11-28,15652,486
K02000001,United Kingdom,overview,2020-11-27,16246,460
K02000001,United Kingdom,overview,2020-11-26,16437,461
K02000001,United Kingdom,overview,2020-11-25,16803,499
K02000001,United Kingdom,overview,2020-11-24,17107,496
K02000001,United Kingdom,overview,2020-11-23,17373,508
K02000001,United Kingdom,overview,2020-11-22,16965,512
K02000001,United Kingdom,overview,2020-11-21,16769,498
K02000001,United Kingdom,overview,2020-11-20,16895,485
K02000001,United Kingdom,overview,2020-11-19,17165,485
K02000001,United Kingdom,overview,2020-11-18,17196,514
K02000001,United Kingdom,overview,2020-11-17,17148,466
K02000001,United Kingdom,overview,2020-11-16,17017,431
K02000001,United Kingdom,overview,2020-11-15,16579,457
K02000001,United Kingdom,overview,2020-11-14,16021,459
K02000001,United Kingdom,overview,2020-11-13,15952,450
K02000001,United Kingdom,overview,2020-11-12,15587,430
K02000001,United Kingdom,overview,2020-11-11,15376,409
K02000001,United Kingdom,overview,2020-11-10,14672,410
K02000001,United Kingdom,overview,2020-11-09,14855,493
K02000001,United Kingdom,overview,2020-11-08,14262,433
K02000001,United Kingdom,overview,2020-11-07,14042,417
K02000001,United Kingdom,overview,2020-11-06,13693,417
K02000001,United Kingdom,overview,2020-11-05,13537,388
K02000001,United Kingdom,overview,2020-11-04,13571,340
K02000001,United Kingdom,overview,2020-11-03,13508,377
K02000001,United Kingdom,overview,2020-11-02,12870,338
K02000001,United Kingdom,overview,2020-11-01,11996,359
K02000001,United Kingdom,overview,2020-10-31,12079,340
K02000001,United Kingdom,overview,2020-10-30,11567,352
K02000001,United Kingdom,overview,2020-10-29,11358,320
K02000001,United Kingdom,overview,2020-10-28,11224,281
K02000001,United Kingdom,overview,2020-10-27,10719,285
K02000001,United Kingdom,overview,2020-10-26,9902,282
K02000001,United Kingdom,overview,2020-10-25,9577,255
K02000001,United Kingdom,overview,2020-10-24,9055,219
K02000001,United Kingdom,overview,2020-10-23,8686,225
K02000001,United Kingdom,overview,2020-10-22,8123,242
K02000001,United Kingdom,overview,2020-10-21,7953,232
K02000001,United Kingdom,overview,2020-10-20,7685,210
K02000001,United Kingdom,overview,2020-10-19,7169,193
K02000001,United Kingdom,overview,2020-10-18,6668,167
K02000001,United Kingdom,overview,2020-10-17,6391,186
K02000001,United Kingdom,overview,2020-10-16,6155,162
K02000001,United Kingdom,overview,2020-10-15,5799,152
K02000001,United Kingdom,overview,2020-10-14,5461,123
K02000001,United Kingdom,overview,2020-10-13,5167,119
K02000001,United Kingdom,overview,2020-10-12,4843,120
K02000001,United Kingdom,overview,2020-10-11,4556,128
K02000001,United Kingdom,overview,2020-10-10,4249,107
K02000001,United Kingdom,overview,2020-10-09,4071,96
K02000001,United Kingdom,overview,2020-10-08,3976,97
K02000001,United Kingdom,overview,2020-10-07,3787,110
K02000001,United Kingdom,overview,2020-10-06,3539,84
K02000001,United Kingdom,overview,2020-10-05,3267,68
K02000001,United Kingdom,overview,2020-10-04,2958,63
K02000001,United Kingdom,overview,2020-10-03,2776,70
K02000001,United Kingdom,overview,2020-10-02,2637,74
K02000001,United Kingdom,overview,2020-10-01,2502,71
K02000001,United Kingdom,overview,2020-09-30,2444,61
K02000001,United Kingdom,overview,2020-09-29,2336,48
K02000001,United Kingdom,overview,2020-09-28,2319,55
K02000001,United Kingdom,overview,2020-09-27,2114,56
K02000001,United Kingdom,overview,2020-09-26,1963,47
K02000001,United Kingdom,overview,2020-09-25,1956,40
K02000001,United Kingdom,overview,2020-09-24,1782,34
K02000001,United Kingdom,overview,2020-09-23,1669,58
K02000001,United Kingdom,overview,2020-09-22,1576,39
K02000001,United Kingdom,overview,2020-09-21,1499,30
K02000001,United Kingdom,overview,2020-09-20,1344,40
K02000001,United Kingdom,overview,2020-09-19,1249,25
K02000001,United Kingdom,overview,2020-09-18,1171,30
K02000001,United Kingdom,overview,2020-09-17,1112,38
K02000001,United Kingdom,overview,2020-09-16,1058,31
K02000001,United Kingdom,overview,2020-09-15,1013,26
K02000001,United Kingdom,overview,2020-09-14,928,21
K02000001,United Kingdom,overview,2020-09-13,788,20
K02000001,United Kingdom,overview,2020-09-12,760,23
K02000001,United Kingdom,overview,2020-09-11,721,20
K02000001,United Kingdom,overview,2020-09-10,900,16
K02000001,United Kingdom,overview,2020-09-09,881,14
K02000001,United Kingdom,overview,2020-09-08,851,16
K02000001,United Kingdom,overview,2020-09-07,861,24
K02000001,United Kingdom,overview,2020-09-06,775,13
K02000001,United Kingdom,overview,2020-09-05,770,14
K02000001,United Kingdom,overview,2020-09-04,777,15
K02000001,United Kingdom,overview,2020-09-03,773,9
K02000001,United Kingdom,overview,2020-09-02,759,15
K02000001,United Kingdom,overview,2020-09-01,814,11
K02000001,United Kingdom,overview,2020-08-31,810,18
K02000001,United Kingdom,overview,2020-08-30,790,11
K02000001,United Kingdom,overview,2020-08-29,795,8
K02000001,United Kingdom,overview,2020-08-28,782,12
K02000001,United Kingdom,overview,2020-08-27,806,12
K02000001,United Kingdom,overview,2020-08-26,799,16
K02000001,United Kingdom,overview,2020-08-25,811,22
K02000001,United Kingdom,overview,2020-08-24,842,10
K02000001,United Kingdom,overview,2020-08-23,835,17
K02000001,United Kingdom,overview,2020-08-22,908,12
K02000001,United Kingdom,overview,2020-08-21,853,10
K02000001,United Kingdom,overview,2020-08-20,878,16
K02000001,United Kingdom,overview,2020-08-19,897,13
K02000001,United Kingdom,overview,2020-08-18,927,15
K02000001,United Kingdom,overview,2020-08-17,960,21
K02000001,United Kingdom,overview,2020-08-16,961,15
K02000001,United Kingdom,overview,2020-08-15,956,23
K02000001,United Kingdom,overview,2020-08-14,977,18
K02000001,United Kingdom,overview,2020-08-13,989,23
K02000001,United Kingdom,overview,2020-08-12,986,24
K02000001,United Kingdom,overview,2020-08-11,1021,20
K02000001,United Kingdom,overview,2020-08-10,1070,25
K02000001,United Kingdom,overview,2020-08-09,965,19
K02000001,United Kingdom,overview,2020-08-08,1010,22
K02000001,United Kingdom,overview,2020-08-07,1078,24
K02000001,United Kingdom,overview,2020-08-06,1137,21
K02000001,United Kingdom,overview,2020-08-05,1184,13
K02000001,United Kingdom,overview,2020-08-04,1198,27
K02000001,United Kingdom,overview,2020-08-03,1234,23
K02000001,United Kingdom,overview,2020-08-02,1235,17
K02000001,United Kingdom,overview,2020-08-01,1272,20
K02000001,United Kingdom,overview,2020-07-31,1249,31
K02000001,United Kingdom,overview,2020-07-30,1298,17
K02000001,United Kingdom,overview,2020-07-29,1332,28
K02000001,United Kingdom,overview,2020-07-28,1352,26
K02000001,United Kingdom,overview,2020-07-27,1353,18
K02000001,United Kingdom,overview,2020-07-26,1366,32
K02000001,United Kingdom,overview,2020-07-25,1384,23
K02000001,United Kingdom,overview,2020-07-24,1436,19
K02000001,United Kingdom,overview,2020-07-23,1523,36
K02000001,United Kingdom,overview,2020-07-22,1733,34
K02000001,United Kingdom,overview,2020-07-21,1617,31
K02000001,United Kingdom,overview,2020-07-20,1715,31
K02000001,United Kingdom,overview,2020-07-19,1725,24
K02000001,United Kingdom,overview,2020-07-18,1760,31
K02000001,United Kingdom,overview,2020-07-17,1791,34
K02000001,United Kingdom,overview,2020-07-16,1814,21
K02000001,United Kingdom,overview,2020-07-15,1957,41
K02000001,United Kingdom,overview,2020-07-14,1977,42
K02000001,United Kingdom,overview,2020-07-13,2096,45
K02000001,United Kingdom,overview,2020-07-12,2083,32
K02000001,United Kingdom,overview,2020-07-11,2099,38
K02000001,United Kingdom,overview,2020-07-10,2225,44
K02000001,United Kingdom,overview,2020-07-09,2325,61
K02000001,United Kingdom,overview,2020-07-08,2434,47
K02000001,United Kingdom,overview,2020-07-07,2578,43
K02000001,United Kingdom,overview,2020-07-06,2680,54
K02000001,United Kingdom,overview,2020-07-05,2723,52
K02000001,United Kingdom,overview,2020-07-04,2784,52
K02000001,United Kingdom,overview,2020-07-03,2926,48
K02000001,United Kingdom,overview,2020-07-02,3062,61
K02000001,United Kingdom,overview,2020-07-01,3180,54
K02000001,United Kingdom,overview,2020-06-30,3365,81
K02000001,United Kingdom,overview,2020-06-29,3732,69
K02000001,United Kingdom,overview,2020-06-28,3539,71
K02000001,United Kingdom,overview,2020-06-27,3526,73
K02000001,United Kingdom,overview,2020-06-26,3600,79
K02000001,United Kingdom,overview,2020-06-25,3824,108
K02000001,United Kingdom,overview,2020-06-24,4007,101
K02000001,United Kingdom,overview,2020-06-23,4107,97
K02000001,United Kingdom,overview,2020-06-22,4255,83
K02000001,United Kingdom,overview,2020-06-21,4197,80
K02000001,United Kingdom,overview,2020-06-20,4229,87
K02000001,United Kingdom,overview,2020-06-19,4394,88
K02000001,United Kingdom,overview,2020-06-18,4536,90
K02000001,United Kingdom,overview,2020-06-17,4694,105
K02000001,United Kingdom,overview,2020-06-16,4834,120
K02000001,United Kingdom,overview,2020-06-15,4839,107
K02000001,United Kingdom,overview,2020-06-14,4876,136
K02000001,United Kingdom,overview,2020-06-13,4908,101
K02000001,United Kingdom,overview,2020-06-12,5056,135
K02000001,United Kingdom,overview,2020-06-11,5144,121
K02000001,United Kingdom,overview,2020-06-10,5436,166
K02000001,United Kingdom,overview,2020-06-09,5695,137
K02000001,United Kingdom,overview,2020-06-08,5889,161
K02000001,United Kingdom,overview,2020-06-07,5902,163
K02000001,United Kingdom,overview,2020-06-06,6108,151
K02000001,United Kingdom,overview,2020-06-05,6338,184
K02000001,United Kingdom,overview,2020-06-04,6537,183
K02000001,United Kingdom,overview,2020-06-03,6766,203
K02000001,United Kingdom,overview,2020-06-02,7031,233
K02000001,United Kingdom,overview,2020-06-01,7188,199
K02000001,United Kingdom,overview,2020-05-31,7174,195
K02000001,United Kingdom,overview,2020-05-30,7204,219
K02000001,United Kingdom,overview,2020-05-29,7523,254
K02000001,United Kingdom,overview,2020-05-28,7838,288
K02000001,United Kingdom,overview,2020-05-27,8150,282
K02000001,United Kingdom,overview,2020-05-26,8660,300
K02000001,United Kingdom,overview,2020-05-25,8762,279
K02000001,United Kingdom,overview,2020-05-24,8741,281
K02000001,United Kingdom,overview,2020-05-23,8741,284
K02000001,United Kingdom,overview,2020-05-22,9110,300
K02000001,United Kingdom,overview,2020-05-21,9214,342
K02000001,United Kingdom,overview,2020-05-20,9484,353
K02000001,United Kingdom,overview,2020-05-19,9928,372
K02000001,United Kingdom,overview,2020-05-18,10145,407
K02000001,United Kingdom,overview,2020-05-17,10107,377
K02000001,United Kingdom,overview,2020-05-16,10146,419
K02000001,United Kingdom,overview,2020-05-15,10597,421
K02000001,United Kingdom,overview,2020-05-14,10820,465
K02000001,United Kingdom,overview,2020-05-13,11231,454
K02000001,United Kingdom,overview,2020-05-12,11477,441
K02000001,United Kingdom,overview,2020-05-11,11852,428
K02000001,United Kingdom,overview,2020-05-10,11615,494
K02000001,United Kingdom,overview,2020-05-09,11906,539
K02000001,United Kingdom,overview,2020-05-08,11952,569
K02000001,United Kingdom,overview,2020-05-07,12522,631
K02000001,United Kingdom,overview,2020-05-06,13040,627
K02000001,United Kingdom,overview,2020-05-05,13616,642
K02000001,United Kingdom,overview,2020-05-04,13985,676
K02000001,United Kingdom,overview,2020-05-03,14081,662
K02000001,United Kingdom,overview,2020-05-02,14269,705
K02000001,United Kingdom,overview,2020-05-01,14617,786
K02000001,United Kingdom,overview,2020-04-30,15054,780
K02000001,United Kingdom,overview,2020-04-29,15413,817
K02000001,United Kingdom,overview,2020-04-28,15767,801
K02000001,United Kingdom,overview,2020-04-27,16545,866
K02000001,United Kingdom,overview,2020-04-26,16431,894
K02000001,United Kingdom,overview,2020-04-25,16478,919
K02000001,United Kingdom,overview,2020-04-24,16937,1005
K02000001,United Kingdom,overview,2020-04-23,17742,1038
K02000001,United Kingdom,overview,2020-04-22,18403,1102
K02000001,United Kingdom,overview,2020-04-21,19012,1085
K02000001,United Kingdom,overview,2020-04-20,19203,1160
K02000001,United Kingdom,overview,2020-04-19,19442,1122
K02000001,United Kingdom,overview,2020-04-18,19331,1189
K02000001,United Kingdom,overview,2020-04-17,19203,1272
K02000001,United Kingdom,overview,2020-04-16,20263,1322
K02000001,United Kingdom,overview,2020-04-15,20453,1276
K02000001,United Kingdom,overview,2020-04-14,21140,1254
K02000001,United Kingdom,overview,2020-04-13,21158,1232
K02000001,United Kingdom,overview,2020-04-12,21528,1378
K02000001,United Kingdom,overview,2020-04-11,21086,1365
K02000001,United Kingdom,overview,2020-04-10,21103,1319
K02000001,United Kingdom,overview,2020-04-09,20805,1375
K02000001,United Kingdom,overview,2020-04-08,20521,1461
K02000001,United Kingdom,overview,2020-04-07,20008,1293
K02000001,United Kingdom,overview,2020-04-06,19256,1170
K02000001,United Kingdom,overview,2020-04-05,18621,1220
K02000001,United Kingdom,overview,2020-04-04,17271,1147
K02000001,United Kingdom,overview,2020-04-03,15329,1061
K02000001,United Kingdom,overview,2020-04-02,13652,1007
K02000001,United Kingdom,overview,2020-04-01,13432,924
K02000001,United Kingdom,overview,2020-03-31,,831
K02000001,United Kingdom,overview,2020-03-30,,711
K02000001,United Kingdom,overview,2020-03-29,,586
K02000001,United Kingdom,overview,2020-03-28,,516
K02000001,United Kingdom,overview,2020-03-27,,463
K02000001,United Kingdom,overview,2020-03-26,,413
K02000001,United Kingdom,overview,2020-03-25,,337
K02000001,United Kingdom,overview,2020-03-24,,263
K02000001,United Kingdom,overview,2020-03-23,,208
K02000001,United Kingdom,overview,2020-03-22,,183
K02000001,United Kingdom,overview,2020-03-21,,144
K02000001,United Kingdom,overview,2020-03-20,,118
K02000001,United Kingdom,overview,2020-03-19,,79
K02000001,United Kingdom,overview,2020-03-18,,73
K02000001,United Kingdom,overview,2020-03-17,,58
K02000001,United Kingdom,overview,2020-03-16,,51
K02000001,United Kingdom,overview,2020-03-15,,31
K02000001,United Kingdom,overview,2020-03-14,,21
K02000001,United Kingdom,overview,2020-03-13,,16
K02000001,United Kingdom,overview,2020-03-12,,13
K02000001,United Kingdom,overview,2020-03-11,,7
K02000001,United Kingdom,overview,2020-03-10,,3
K02000001,United Kingdom,overview,2020-03-09,,5
K02000001,United Kingdom,overview,2020-03-08,,2
K02000001,United Kingdom,overview,2020-03-07,,0
K02000001,United Kingdom,overview,2020-03-06,,2
K02000001,United Kingdom,overview,2020-03-05,,2
K02000001,United Kingdom,overview,2020-03-04,,1
K02000001,United Kingdom,overview,2020-03-03,,0
K02000001,United Kingdom,overview,2020-03-02,,1
K02000001,United Kingdom,overview,2020-03-01,,0
K02000001,United Kingdom,overview,2020-02-29,,0
K02000001,United Kingdom,overview,2020-02-28,,0
K02000001,United Kingdom,overview,2020-02-27,,0
K02000001,United Kingdom,overview,2020-02-26,,0
K02000001,United Kingdom,overview,2020-02-25,,0
K02000001,United Kingdom,overview,2020-02-24,,0
K02000001,United Kingdom,overview,2020-02-23,,0
K02000001,United Kingdom,overview,2020-02-22,,1
K02000001,United Kingdom,overview,2020-02-21,,0
K02000001,United Kingdom,overview,2020-02-20,,0
K02000001,United Kingdom,overview,2020-02-19,,0
K02000001,United Kingdom,overview,2020-02-18,,0
K02000001,United Kingdom,overview,2020-02-17,,0
K02000001,United Kingdom,overview,2020-02-16,,0
K02000001,United Kingdom,overview,2020-02-15,,0
K02000001,United Kingdom,overview,2020-02-14,,0
K02000001,United Kingdom,overview,2020-02-13,,0
K02000001,United Kingdom,overview,2020-02-12,,0
K02000001,United Kingdom,overview,2020-02-11,,0
K02000001,United Kingdom,overview,2020-02-10,,0
K02000001,United Kingdom,overview,2020-02-09,,0
K02000001,United Kingdom,overview,2020-02-08,,0
K02000001,United Kingdom,overview,2020-02-07,,0
K02000001,United Kingdom,overview,2020-02-06,,0
K02000001,United Kingdom,overview,2020-02-05,,0
K02000001,United Kingdom,overview,2020-02-04,,0
K02000001,United Kingdom,overview,2020-02-03,,0
K02000001,United Kingdom,overview,2020-02-02,,1
K02000001,United Kingdom,overview,2020-02-01,,0
K02000001,United Kingdom,overview,2020-01-31,,0
K02000001,United Kingdom,overview,2020-01-30,,1
